Session,Title,URL
"_img_compulsive_robotic_","(8) Edgy Ziane","https://www.facebook.com/EdgyZiane"
"_img_compulsive_robotic_","Paradise edgy art","http://ednaneziane.wix.com/edgyscrawl"
"_img_compulsive_robotic_","Compulsive Robotic","http://edgyartworld.tumblr.com/"
"_img_compulsive_robotic_","tumblr_not2sfgU2b1sp8304o9_1280.jpg (1200×1697)","http://40.media.tumblr.com/07cc6536079376afe167e703e6058f0d/tumblr_not2sfgU2b1sp8304o9_1280.jpg"
"_img_compulsive_robotic_","tumblr_nndcklz5TF1t15uq3o1_1280.jpg (1200×1866)","http://40.media.tumblr.com/5cfd525a91119c98ea3cfd8539997199/tumblr_nndcklz5TF1t15uq3o1_1280.jpg"
"_img_compulsive_robotic_","tumblr_no8t1pwuju1t15uq3o1_1280.jpg (1200×1866)","http://36.media.tumblr.com/507effaa133328b04c55591e96bff8b6/tumblr_no8t1pwuju1t15uq3o1_1280.jpg"
"_img_compulsive_robotic_","tumblr_no8t2hZNmk1t15uq3o1_1280.jpg (1200×1866)","http://40.media.tumblr.com/1b2ee8aaa300c78b63c012279566a53d/tumblr_no8t2hZNmk1t15uq3o1_1280.jpg"
"_img_compulsive_robotic_","tumblr_nok9zywwsA1t15uq3o1_1280.jpg (1200×1866)","http://41.media.tumblr.com/24373ac3083609d0c7d51948e54ee561/tumblr_nok9zywwsA1t15uq3o1_1280.jpg"
"_img_compulsive_robotic_","tumblr_nogor8Emlk1t15uq3o1_1280.jpg (1200×1866)","http://40.media.tumblr.com/347429f180be54dfa0a85e7d7375e303/tumblr_nogor8Emlk1t15uq3o1_1280.jpg"
"_img_compulsive_robotic_","rafszul-github-io","http://rafszul.github.io/"
"_img_compulsive_robotic_","@rafszul on CodePen","http://codepen.io/rafszul/"